MODEL_FEATURES,ULK,KAS,JEM,PHY,MEY,JYZ,SFY
target,1,1,1,1,1,1,1
YEAR_MONTH,1,1,1,1,1,1,1
EMP_ID,1,1,1,1,1,1,1
EMP_KM_ONEWAY,0,0,0,0,0,0,0
EMP_ACTION_DATE,1,1,1,1,1,1,1
DV_EMP_MTH_YEAR_MONTH,1,1,1,1,1,1,1
EMP_VENDOR_FLG,1,1,1,1,1,1,1
EMP_AGE_YEARS,1,1,1,1,1,1,1
DAYS_AFTER_JOIN,1,1,1,1,1,1,1
EMP_ABSENT,1,1,1,1,1,1,1
EMP_PRESENT,1,1,1,1,1,1,1
EMP_PROJECT_ID,1,1,1,1,1,1,1
EMP_LOCATION_CODE,0,0,0,0,0,0,0
EMP_SUPERVISOR_ID,1,1,1,1,1,1,1
EMP_SUB_PROGRAM_ID,1,1,1,1,1,1,1
EMP_PRESENT_INLAST_2_MONTH,1,1,1,1,1,1,1
EMP_SGS_WORK_EXPERIENCE_YEARS,1,1,1,1,1,1,1
EMP_PROJECT_MANAGER_ID,1,1,1,1,1,1,1
EMP_PI_SCORE_INLAST_MONTH,0,0,0,0,0,0,0
EMP_LEAVE_INLAST_MONTH,1,1,1,1,1,1,1
EMP_PRESENT_INLAST_MONTH,1,1,1,1,1,1,1
EMP_LAST_PROMO_NONPROMO_DURATION,1,1,1,0,0,0,0
EMP_LEAVE,1,1,1,1,1,1,1
EMP_LAST_ACTION_REASON,1,1,1,1,1,1,1
EMP_PLLEAVE,1,1,1,1,1,1,1
DV_WEEK_EMP_ACTION_DATE,1,1,1,1,1,1,1
EMP_PI_SCORE_INLAST_2_MONTHS,1,1,1,1,1,1,1
EMP_WEEKLYOFF,1,1,1,1,1,1,1
EMP_STATE,0,0,0,0,0,0,0
EMP_REGULAR_TEMP,1,1,1,1,1,1,1
EMP_PRESENT_INLAST_4_MONTHS,1,1,1,1,1,1,1
EMP_DESIGNATION,1,1,1,1,1,1,1
EMP_COMPANY,1,1,1,1,1,1,1
EMP_JOB_CODE,1,1,1,1,1,1,1
TOTAL_LOGGED_HOURS,0,0,0,1,1,1,1
EMP_LEAVE_INLAST_4_MONTHS,1,1,1,1,1,1,1
EMP_PRESENT_INLAST_3_MONTHS,1,1,1,1,1,1,1
TOTAL_LOGGED_HOURS_INLAST_2_MONTHS,0,0,0,1,1,1,1
TOTAL_SHORTBREAKS_1_TAFS,0,0,0,1,1,1,1
EMP_LEVEL,0,0,0,1,1,1,1
TOTAL_SHORTBREAKS_2_TAFS_INLAST_2_MONTHS,0,0,0,1,1,1,1
DV_EMP_RECENT_DATE_JOINING,1,1,1,1,1,1,1
TOTAL_LOGGED_HOURS_INLAST_MONTH,0,0,0,1,1,1,1
TOTAL_LUNCH_DINNER_TAFS_INLAST_MONTH,0,0,0,1,1,1,1
TOTAL_SHORTBREAKS_2_TAFS_INLAST_4_MONTHS,0,0,0,1,1,1,1
DV_EMP_DOJ,1,1,1,1,1,1,1
EMP_MEDIUM,1,1,1,1,1,1,1
EMP_GENDER,1,1,1,1,1,1,1
EMP_SICK_LEAVE,1,1,1,1,1,1,1
EMP_PROGRAM_ROLE,1,1,1,1,1,1,1
EMP_PLLEAVE_INLAST_3_MONTHS,1,1,1,1,1,1,1
EMP_PI_SCORE_INLAST_4_MONTHS,1,1,1,1,1,1,1
TOTAL_IDLE_TIME_INLAST_2_MONTHS,0,0,0,1,1,1,1
DV_MONTHS_EMP_ACTION_DATE,1,1,1,1,1,1,1
TOTAL_LUNCH_DINNER_TAFS,0,0,0,1,1,1,1
TOTAL_SICK_AUX_CLINICAL_MEDICAL_TAFS,0,0,0,1,1,1,1
DV_DAY_EMP_ACTION_DATE,1,1,1,1,1,1,1
EMP_PI_SCORE_INLAST_3_MONTHS,1,1,1,1,1,1,1
DV_EMP_COMPANY_SENIORITY_DATE,1,1,1,1,1,1,1
TOTAL_TRAINING_MEETING_CLIENT_PAID_TAFS_INLAST_2_MONTHS,0,0,0,1,1,1,1
EMP_MARITAL_STATUS,0,0,0,0,0,0,0
TOTAL_TECH_ISSUE_DOWNTIME_TAFS,0,0,0,1,1,1,1
EMP_IS_PROMOTION,1,1,1,1,1,1,1
TOTAL_SHORTBREAKS_1_TAFS_INLAST_3_MONTHS,0,0,0,1,1,1,1
TOTAL_COACHING_FEEDBACK_MEETING_TL_MEETING_UNPAID_TAFS_INLAST_MONTH,0,0,0,1,1,1,1
DV_WDAY_EMP_RECENT_DATE_JOINING,1,1,1,1,1,1,1
TOTAL_SHORTBREAKS_2_TAFS,0,0,0,1,1,1,1
TOTAL_SHORTBREAKS_1_TAFS_INLAST_2_MONTHS,0,0,0,1,1,1,1
DV_WEEK_DOJ,1,1,1,1,1,1,1
TOTAL_LOGGED_HOURS_INLAST_3_MONTHS,0,0,0,1,1,1,1
TOTAL_SHORTBREAKS_1_TAFS_INLAST_MONTH,0,0,0,1,1,1,1
TOTAL_TECH_ISSUE_DOWNTIME_TAFS_INLAST_4_MONTHS,0,0,0,1,1,1,1
EMP_TEAM_CODE,0,0,0,0,0,0,0
TOTAL_COACHING_FEEDBACK_MEETING_TL_MEETING_UNPAID_TAFS_INLAST_4_MONTHS,0,0,0,1,1,1,1
TOTAL_COACHING_FEEDBACK_MEETING_TL_MEETING_UNPAID_TAFS,0,0,0,1,1,1,1
TOTAL_IDLE_TIME,0,0,0,1,1,1,1
TOTAL_LUNCH_DINNER_TAFS_INLAST_2_MONTHS,0,0,0,1,1,1,1
DV_WDAY_EMP_ACTION_DATE,1,1,1,1,1,1,1
EMP_SICK_LEAVE_INLAST_MONTH,1,1,1,1,1,1,1
TOTAL_TRAINING_MEETING_CLIENT_PAID_TAFS,0,0,0,1,1,1,1
EMP_SICK_LEAVE_INLAST_2_MONTHS,1,1,1,1,1,1,1
TOTAL_PROGRAM_SPECIFICTASKS_PRE_CLIENT_PAID_TAFS,0,0,0,1,1,1,1
TOTAL_LOGGED_HOURS_INLAST_4_MONTHS,0,0,0,1,1,1,1
EMP_TYPE,1,1,1,1,1,1,1
EMP_VERTICAL,1,1,1,1,1,1,1
DV_WEEK_EMP_ORGINSTANCE_SERVICE_DATE,1,1,1,1,1,1,1
TOTAL_SICK_AUX_CLINICAL_MEDICAL_TAFS_INLAST_3_MONTHS,0,0,0,1,1,1,1
TOTAL_IDLE_TIME_INLAST_3_MONTHS,0,0,0,1,1,1,1
EMP_PLLEAVE_INLAST_2_MONTHS,1,1,1,1,1,1,1
TOTAL_COACHING_FEEDBACK_MEETING_TL_MEETING_UNPAID_TAFS_INLAST_3_MONTHS,0,0,0,1,1,1,1
EMP_LEAVE_INLAST_2_MONTHS,1,1,1,1,1,1,1
EMP_PLLEAVE_INLAST_MONTH,1,1,1,1,1,1,1
DV_DAY_EMP_RECENT_DATE_JOINING,1,1,1,1,1,1,1
TOTAL_SHORTBREAKS_2_TAFS_INLAST_MONTH,0,0,0,1,1,1,1
TOTAL_TRAINING_MEETING_CLIENT_PAID_TAFS_INLAST_3_MONTHS,0,0,0,1,1,1,1
TOTAL_SHORTBREAKS_2_TAFS_INLAST_3_MONTHS,0,0,0,1,1,1,1
TOTAL_TRAINING_MEETING_CLIENT_PAID_TAFS_INLAST_MONTH,0,0,0,1,1,1,1
EMP_LAST_ACTION,1,1,1,1,1,1,1
TOTAL_SHORTBREAKS_1_TAFS_INLAST_4_MONTHS,0,0,0,1,1,1,1
EMP_ABSENT_INLAST_MONTH,1,1,1,1,1,1,1
